<?xml version="1.0" encoding="UTF-8"?>
<GenRun Id="bd_x1_axi4stream_vip_0_0_synth_1" LaunchPart="xc7vx485tffg1761-2" LaunchTime="1669014678">
  <File Type="PA-TCL" Name="bd_x1_axi4stream_vip_0_0.tcl"/>
  <File Type="RDS-PROPCONSTRS" Name="bd_x1_axi4stream_vip_0_0_drc_synth.rpt"/>
  <File Type="REPORTS-TCL" Name="bd_x1_axi4stream_vip_0_0_reports.tcl"/>
  <File Type="RDS-RDS" Name="bd_x1_axi4stream_vip_0_0.vds"/>
  <File Type="RDS-UTIL" Name="bd_x1_axi4stream_vip_0_0_utilization_synth.rpt"/>
  <File Type="RDS-UTIL-PB" Name="bd_x1_axi4stream_vip_0_0_utilization_synth.pb"/>
  <File Type="RDS-DCP" Name="bd_x1_axi4stream_vip_0_0.dcp"/>
  <File Type="VDS-TIMINGSUMMARY" Name="bd_x1_axi4stream_vip_0_0_timing_summary_synth.rpt"/>
  <File Type="VDS-TIMING-PB" Name="bd_x1_axi4stream_vip_0_0_timing_summary_synth.pb"/>
  <FileSet Name="sources" Type="BlockSrcs" RelSrcDir="$PSRCDIR/bd_x1_axi4stream_vip_0_0">
    <File Path="$PSRCDIR/sources_1/bd/bd_x1/ip/bd_x1_axi4stream_vip_0_0/bd_x1_axi4stream_vip_0_0.xci">
      <FileInfo>
        <Attr Name="Library" Val="xil_defaultlib"/>
        <Attr Name="ImportPath" Val="$PPRDIR/../../lite_m/project_2/project_2.srcs/sources_1/bd/bd_x1/ip/bd_x1_axi4stream_vip_0_0/bd_x1_axi4stream_vip_0_0.xci"/>
        <Attr Name="ImportTime" Val="0"/>
        <Attr Name="UsedIn" Val="synthesis"/>
        <Attr Name="UsedIn" Val="implementation"/>
        <Attr Name="UsedIn" Val="simulation"/>
        <Attr Name="ProcessingOrder" Val="EARLY"/>
      </FileInfo>
    </File>
    <Config>
      <Option Name="TopModule" Val="bd_x1_axi4stream_vip_0_0"/>
      <Option Name="UseBlackboxStub" Val="1"/>
    </Config>
  </FileSet>
  <FileSet Name="constrs_in" Type="BlockSrcs" RelSrcDir="$PSRCDIR/bd_x1_axi4stream_vip_0_0">
    <File Path="$PSRCDIR/sources_1/bd/bd_x1/ip/bd_x1_axi4stream_vip_0_0/bd_x1_axi4stream_vip_0_0.xci">
      <FileInfo>
        <Attr Name="Library" Val="xil_defaultlib"/>
        <Attr Name="ImportPath" Val="$PPRDIR/../../lite_m/project_2/project_2.srcs/sources_1/bd/bd_x1/ip/bd_x1_axi4stream_vip_0_0/bd_x1_axi4stream_vip_0_0.xci"/>
        <Attr Name="ImportTime" Val="0"/>
        <Attr Name="UsedIn" Val="synthesis"/>
        <Attr Name="UsedIn" Val="implementation"/>
        <Attr Name="UsedIn" Val="simulation"/>
        <Attr Name="ProcessingOrder" Val="EARLY"/>
      </FileInfo>
    </File>
    <Config>
      <Option Name="TopModule" Val="bd_x1_axi4stream_vip_0_0"/>
      <Option Name="UseBlackboxStub" Val="1"/>
    </Config>
  </FileSet>
  <FileSet Name="utils" Type="Utils" RelSrcDir="$PSRCDIR/utils_1">
    <Filter Type="Utils"/>
    <Config>
      <Option Name="TopAutoSet" Val="TRUE"/>
    </Config>
  </FileSet>
  <Strategy Version="1" Minor="2">
    <StratHandle Name="Vivado Synthesis Defaults" Flow="Vivado Synthesis 2018"/>
    <Step Id="synth_design"/>
  </Strategy>
</GenRun>
